-73.99721,40.76238,0
-73.99783,40.76151,0
-73.9983,40.76089,0
-73.99837,40.76078,0
-73.99887,40.76006,0
-73.99926,40.75955,0
-73.99938,40.75936,0
-73.99964,40.75899,0
-73.99969,40.75891,0
-74.00151,40.75645,0
-74.00176,40.75609,0
-74.00241,40.75521,0
-74.00246,40.75513,0
-74.00254,40.75502,0
-74.00272,40.7548,0
-74.00282,40.75465,0
-74.0029,40.75455,0
-74.00301,40.75439,0
-74.00304,40.75436,0
-74.00312,40.75424,0
-74.00313,40.75423,0
-74.00324,40.75407,0
-74.00363,40.75361,0
-74.00366,40.75357,0
-74.0037,40.75353,0
-74.00371,40.75351,0
-74.00374,40.75348,0
-74.00386,40.75328,0
-74.00388,40.7532,0
-74.00406,40.75295,0
-74.00408,40.75293,0
-74.00427,40.75265,0
-74.00546,40.75102,0
-74.00563,40.7508,0
-74.00604,40.75023,0
-74.0061,40.75018,0
-74.00621,40.75005,0
-74.0062,40.75,0
-74.0062,40.74996,0
-74.00621,40.74991,0
-74.00641,40.74963,0
-74.00642,40.74961,0
-74.00642,40.74959,0
-74.00643,40.74957,0
-74.00643,40.74956,0
-74.00641,40.74953,0
-74.0064,40.74951,0
-74.00634,40.74948,0
-74.00451,40.7487,0
-74.0043,40.74862,0
-74.00389,40.74844,0
-74.00386,40.74842,0
-74.00369,40.74836,0
-74.00088,40.74718,0
-74.00106,40.74691,0
-74.00109,40.74688,0
-74.00137,40.74651,0
-74.00155,40.74625,0
-74.00185,40.74585,0
-74.00191,40.74576,0
-74.00224,40.74532,0
-74.0023,40.74523,0
-74.00273,40.74464,0
-74.00309,40.74417,0
-74.00333,40.74381,0
-74.00369,40.74331,0
-74.00392,40.74301,0
-74.00392,40.743,0
-74.00401,40.74288,0
-74.00681,40.74406,0
-74.00662,40.74434,0
-74.00639,40.74465,0
-74.00634,40.7447,0
-74.00614,40.74499,0
-74.00595,40.74523,0
-74.00553,40.74582,0
-74.00551,40.74587,0
-74.00483,40.74681,0
-74.00465,40.74704,0
-74.00279,40.7496,0
-74.00159,40.7491,0
-74.00153,40.74907,0
-74.00099,40.74884,0
-74.00094,40.7489,0
-74.0009,40.74897,0
-74.00083,40.74905,0
-74.0008,40.7491,0
-74.00078,40.74911,0
-74.00075,40.74913,0
-74.00065,40.74916,0
-74.00061,40.74918,0
-74.00059,40.7492,0
-74.00056,40.74922,0
-74.00054,40.74925,0
-74.00053,40.74926,0
-74.00051,40.7493,0
-74.00051,40.74934,0
-74.0005,40.74935,0
-74.00051,40.74939,0
-74.00053,40.74942,0
-74.00055,40.74946,0
-74.00058,40.74948,0
-74.00063,40.74953,0
-74.00234,40.75022,0
-74.00188,40.75084,0
-74.00177,40.75078,0
-73.99908,40.74964,0
-73.99953,40.74905,0
-73.99974,40.74875,0
-73.99999,40.74842,0
-73.99982,40.74836,0
-73.99944,40.7482,0
-73.99907,40.74806,0
-73.99843,40.74777,0
-73.9948,40.74622,0
-73.99471,40.74619,0
-73.99428,40.746,0
-73.99471,40.74539,0
-73.99565,40.74411,0
-73.99582,40.7439,0
-73.9966,40.74281,0
-73.99703,40.74224,0
-73.99706,40.74217,0
-73.99743,40.74165,0
-73.99787,40.74107,0
-73.99828,40.74048,0
-73.99872,40.7399,0
-73.99918,40.73924,0
-73.99969,40.73857,0
-74.0002,40.73787,0
-74.00023,40.73785,0
-74.00067,40.73724,0
-74.00075,40.73712,0
-74.00079,40.73707,0
-74.00097,40.7368,0
-74.00101,40.73673,0
-74.00111,40.73659,0
-74.00125,40.7368,0
-74.00137,40.73696,0
-74.00138,40.73699,0
-74.00139,40.737,0
-74.00147,40.73717,0
-74.00167,40.73752,0
-74.00173,40.73764,0
-74.00175,40.73766,0
-74.00176,40.73768,0
-74.00181,40.73774,0
-74.00184,40.7378,0
-74.00206,40.73812,0
-74.00389,40.73814,0
-74.00415,40.73815,0
-74.0056,40.73816,0
-74.00569,40.73763,0
-74.0057,40.73754,0
-74.00575,40.73723,0
-74.00575,40.73713,0
-74.00572,40.73707,0
-74.0057,40.73704,0
-74.00564,40.73698,0
-74.00552,40.7369,0
-74.00544,40.7368,0
-74.00542,40.73679,0
-74.0054,40.73677,0
-74.00535,40.7367,0
-74.00533,40.73666,0
-74.00532,40.73663,0
-74.00531,40.73661,0
-74.0053,40.73658,0
-74.00524,40.73633,0
-74.00497,40.73538,0
-74.00494,40.73531,0
-74.00477,40.73473,0
-74.00476,40.73467,0
-74.00457,40.73403,0
-74.00447,40.73376,0
-74.00428,40.73345,0
-74.00425,40.73341,0
-74.00415,40.73324,0
-74.00398,40.73292,0
-74.00371,40.73246,0
-74.0037,40.73243,0
-74.00365,40.73232,0
-74.0036,40.73225,0
-74.0038,40.73192,0
-74.00395,40.73162,0
-74.00423,40.73114,0
-74.00449,40.73076,0
-74.00475,40.73031,0
-74.00504,40.72974,0
-74.00511,40.72963,0
-74.00515,40.72954,0
-74.00518,40.72941,0
-74.00532,40.7286,0
-74.00535,40.72846,0
-74.00543,40.72789,0
-74.00566,40.72653,0
-74.00562,40.72643,0
-74.00579,40.72535,0
-74.0058,40.72532,0
-74.00582,40.72514,0
-74.00596,40.72442,0
-74.00597,40.7243,0
-74.00599,40.72415,0
-74.00601,40.72408,0
-74.00606,40.72381,0
-74.00608,40.72375,0
-74.00614,40.72366,0
-74.0063,40.72263,0
-74.00634,40.72227,0
-74.00646,40.72164,0
-74.00649,40.72151,0
-74.00653,40.72126,0
-74.00656,40.72113,0
-74.00659,40.72096,0
-74.00662,40.72083,0
-74.00666,40.72058,0
-74.00668,40.72049,0
-74.0067,40.72045,0
-74.00681,40.71978,0
-74.01,40.7201,0
-74.01005,40.7201,0
-74.01013,40.72011,0
-74.01035,40.7188,0
-74.01048,40.71811,0
-74.01001,40.71806,0
-74.00949,40.71799,0
-74.00942,40.71799,0
-74.00894,40.71793,0
-74.00889,40.71826,0
-74.00865,40.71959,0
-74.00858,40.72004,0
-74.00847,40.72062,0
-74.00825,40.72195,0
-74.00824,40.72196,0
-74.00824,40.722,0
-74.00811,40.72275,0
-74.00805,40.72317,0
-74.00802,40.72329,0
-74.00801,40.72337,0
-74.00792,40.72381,0
-74.00789,40.72402,0
-74.00778,40.72458,0
-74.00769,40.72511,0
-74.00768,40.7252,0
-74.00756,40.72585,0
-74.00721,40.72806,0
-74.00317,40.72768,0
-74.00311,40.72785,0
-74.00309,40.72794,0
-74.00292,40.72824,0
-74.00288,40.72829,0
-74.00283,40.72837,0
-74.00269,40.72864,0
-74.00225,40.72957,0
-74.00221,40.72968,0
-74.00218,40.7298,0
-74.00173,40.73054,0
-74.00149,40.73097,0
-74.00134,40.73121,0
-74.00129,40.73126,0
-74.00052,40.73232,0
-74.00049,40.73237,0
-74.00012,40.73288,0
-74.00002,40.733,0
-73.99923,40.73407,0
-73.99918,40.73415,0
-73.99872,40.73479,0
-73.99855,40.73501,0
-73.99854,40.73503,0
-73.99851,40.73506,0
-73.99826,40.7354,0
-73.99826,40.73543,0
-73.99784,40.73601,0
-73.99783,40.73604,0
-73.99779,40.73607,0
-73.99772,40.73615,0
-73.99639,40.73798,0
-73.99633,40.73805,0
-73.99545,40.73929,0
-73.99539,40.73936,0
-73.99502,40.73985,0
-73.99375,40.74162,0
-73.99366,40.74173,0
-73.99363,40.74176,0
-73.99335,40.74215,0
-73.99328,40.74223,0
-73.99307,40.74254,0
-73.9928,40.7429,0
-73.9924,40.74273,0
-73.99234,40.7427,0
-73.99172,40.74244,0
-73.99166,40.74241,0
-73.99145,40.74232,0
-73.99124,40.74225,0
-73.99045,40.74192,0
-73.99031,40.74187,0
-73.98958,40.74157,0
-73.98913,40.74137,0
-73.98917,40.74129,0
-73.98934,40.74073,0
-73.98939,40.74059,0
-73.98691,40.73954,0
-73.9868,40.7395,0
-73.98141,40.73723,0
-73.9848,40.73253,0
-73.98494,40.73235,0
-73.98543,40.73166,0
-73.98571,40.73129,0
-73.98592,40.73103,0
-73.986,40.73089,0
-73.98604,40.73083,0
-73.98631,40.73047,0
-73.98643,40.73029,0
-73.98891,40.72689,0
-73.98924,40.72648,0
-73.9893,40.72639,0
-73.98944,40.7262,0
-73.98707,40.7252,0
-73.98685,40.72512,0
-73.98499,40.72434,0
-73.98485,40.72427,0
-73.98491,40.72417,0
-73.98577,40.72301,0
-73.98581,40.72293,0
-73.98603,40.72264,0
-73.98624,40.72234,0
-73.98627,40.72229,0
-73.98647,40.72234,0
-73.98693,40.72248,0
-73.9871,40.72254,0
-73.98786,40.72278,0
-73.98799,40.72283,0
-73.98854,40.72298,0
-73.98873,40.72304,0
-73.98881,40.72306,0
-73.98882,40.72307,0
-73.98985,40.72337,0
-73.99103,40.72374,0
-73.99126,40.72382,0
-73.99183,40.72398,0
-73.99208,40.72406,0
-73.99217,40.72408,0
-73.99225,40.72411,0
-73.99235,40.72414,0
-73.99252,40.72418,0
-73.99344,40.72451,0
-73.99351,40.72453,0
-73.99416,40.72477,0
-73.99423,40.72479,0
-73.99481,40.72499,0
-73.99488,40.72502,0
-73.99495,40.72504,0
-73.99512,40.72511,0
-73.99517,40.72512,0
-73.99535,40.72517,0
-73.99542,40.72518,0
-73.99544,40.72519,0
-73.9955,40.7252,0
-73.99572,40.72526,0
-73.99652,40.72544,0
-73.99656,40.72546,0
-73.99672,40.72549,0
-73.99687,40.7253,0
-73.9977,40.72432,0
-73.99779,40.72423,0
-73.99901,40.72278,0
-73.99907,40.72272,0
-73.99981,40.72185,0
-73.99987,40.72179,0
-74.0002,40.72139,0
-74.00026,40.72133,0
-74.00064,40.72086,0
-74.00142,40.71994,0
-74.00174,40.71958,0
-74.00181,40.71949,0
-74.00402,40.71688,0
-74.00422,40.71667,0
-74.00454,40.71631,0
-74.00409,40.71607,0
-74.00346,40.71577,0
-74.00283,40.71549,0
-74.00234,40.71525,0
-74.00213,40.71516,0
-74.00121,40.71638,0
-74.00082,40.71694,0
-74.00064,40.71715,0
-74.00064,40.71716,0
-74.00028,40.71762,0
-74.0002,40.71771,0
-74.00002,40.71794,0
-73.99996,40.71803,0
-73.99858,40.71974,0
-73.99855,40.71979,0
-73.99848,40.71985,0
-73.99801,40.7204,0
-73.99795,40.72046,0
-73.99787,40.72055,0
-73.99772,40.72074,0
-73.99765,40.72084,0
-73.99747,40.72134,0
-73.99736,40.72157,0
-73.99709,40.72229,0
-73.99708,40.72238,0
-73.99668,40.72339,0
-73.99666,40.72345,0
-73.99664,40.72347,0
-73.99663,40.72349,0
-73.99587,40.72441,0
-73.99578,40.72451,0
-73.9952,40.72524,0
-73.99518,40.72526,0
-73.99464,40.72593,0
-73.99372,40.72718,0
-73.99363,40.72728,0
-73.99356,40.72737,0
-73.99349,40.72744,0
-73.99261,40.72848,0
-73.99257,40.72852,0
-73.99157,40.72971,0
-73.99155,40.72974,0
-73.99152,40.72977,0
-73.99144,40.72983,0
-73.9914,40.72985,0
-73.99112,40.73006,0
-73.99105,40.73012,0
-73.9907,40.73054,0
-73.99056,40.73075,0
-73.9905,40.73081,0
-73.99012,40.7324,0
-73.99011,40.73242,0
-73.98995,40.73312,0
-73.98992,40.73323,0
-73.98991,40.73331,0
-73.98989,40.73337,0
-73.98989,40.73341,0
-73.98987,40.73354,0
-73.98986,40.73358,0
-73.98986,40.73363,0
-73.98985,40.73372,0
-73.98985,40.734,0
-73.98991,40.73445,0
-73.98995,40.73484,0
-73.98997,40.73493,0
-73.98997,40.7351,0
-73.98995,40.73516,0
-73.98995,40.73517,0
-73.98993,40.7352,0
-73.98986,40.73533,0
-73.9894,40.73595,0
-73.98621,40.73462,0
-73.98617,40.73469,0
-73.98538,40.73579,0
-73.98493,40.73638,0
-73.98452,40.73697,0
-73.98408,40.73755,0
-73.98316,40.73883,0
-73.9813,40.74135,0
-73.98087,40.74197,0
-73.9795,40.74382,0
-73.97907,40.74445,0
-73.97862,40.74506,0
-73.97857,40.74511,0
-73.97812,40.74573,0
-73.97772,40.74557,0
-73.97762,40.74552,0
-73.97733,40.74541,0
-73.97523,40.74451,0
-73.97475,40.74519,0
-73.975,40.74529,0
-73.97501,40.7453,0
-73.97523,40.7454,0
-73.97582,40.74563,0
-73.97592,40.74568,0
-73.97679,40.74604,0
-73.97715,40.7462,0
-73.97746,40.74632,0
-73.97764,40.7464,0
-73.97761,40.74647,0
-73.97677,40.74763,0
-73.97671,40.74773,0
-73.97642,40.7481,0
-73.97631,40.74826,0
-73.97626,40.74831,0
-73.97612,40.74852,0
-73.97493,40.75011,0
-73.9748,40.7503,0
-73.97407,40.75129,0
-73.97375,40.75175,0
-73.97325,40.75242,0
-73.97261,40.75333,0
-73.97236,40.75365,0
-73.97227,40.75378,0
-73.9722,40.75387,0
-73.97215,40.75395,0
-73.97157,40.75476,0
-73.97146,40.75489,0
-73.9713,40.75511,0
-73.97124,40.75522,0
-73.97113,40.75537,0
-73.97101,40.75552,0
-73.96941,40.75774,0
-73.96914,40.75809,0
-73.96913,40.7581,0
-73.96902,40.75824,0
-73.96902,40.75826,0
-73.96895,40.75834,0
-73.9685,40.75898,0
-73.97117,40.7601,0
-73.97124,40.76012,0
-73.97154,40.76025,0
-73.9716,40.76027,0
-73.97179,40.76035,0
-73.97193,40.76042,0
-73.97199,40.76044,0
-73.97387,40.76124,0
-73.97471,40.76158,0
-73.97491,40.76167,0
-73.97572,40.76058,0
-73.97583,40.76042,0
-73.97606,40.76011,0
-73.97606,40.7601,0
-73.97696,40.75886,0
-73.97697,40.75885,0
-73.97754,40.75806,0
-73.97764,40.75791,0
-73.97811,40.7573,0
-73.97855,40.75666,0
-73.97868,40.75651,0
-73.97993,40.75479,0
-73.97999,40.75472,0
-73.98008,40.7546,0
-73.98008,40.75459,0
-73.9801,40.75456,0
-73.98017,40.75448,0
-73.98029,40.75432,0
-73.9804,40.75416,0
-73.98042,40.75412,0
-73.98101,40.75331,0
-73.98138,40.75283,0
-73.98316,40.75036,0
-73.98363,40.74973,0
-73.98407,40.74911,0
-73.98457,40.74846,0
-73.9855,40.74716,0
-73.98562,40.74701,0
-73.98597,40.74654,0
-73.98601,40.74647,0
-73.98619,40.74623,0
-73.98685,40.7453,0
-73.9869,40.74524,0
-73.98861,40.74289,0
-73.98864,40.74283,0
-73.9904,40.74357,0
-73.99051,40.74361,0
-73.99082,40.74375,0
-73.99103,40.74383,0
-73.99186,40.74418,0
-73.99181,40.74426,0
-73.99022,40.74643,0
-73.99016,40.74652,0
-73.99005,40.74666,0
-73.98962,40.74727,0
-73.98933,40.74766,0
-73.98917,40.74789,0
-73.98934,40.74797,0
-73.99152,40.74888,0
-73.99286,40.74947,0
-73.99349,40.74973,0
-73.99391,40.74989,0
-73.99425,40.75004,0
-73.99426,40.75004,0
-73.99503,40.75036,0
-73.99504,40.75037,0
-73.99525,40.75045,0
-73.99586,40.75071,0
-73.99607,40.75079,0
-73.99773,40.75151,0
-73.99816,40.75091,0
-73.99801,40.75082,0
-73.9953,40.74967,0
-73.99505,40.75001,0
-73.99498,40.75008,0
-73.99486,40.75025,0
-73.99483,40.75028,0
-73.99458,40.75062,0
-73.99436,40.75094,0
-73.99431,40.751,0
-73.99399,40.75146,0
-73.99395,40.75153,0
-73.99356,40.75205,0
-73.99353,40.75208,0
-73.99345,40.7522,0
-73.99337,40.7523,0
-73.99336,40.75232,0
-73.99304,40.75276,0
-73.99298,40.75286,0
-73.99258,40.7534,0
-73.99252,40.75347,0
-73.99157,40.75308,0
-73.99149,40.75304,0
-73.99107,40.75286,0
-73.99086,40.75278,0
-73.98747,40.75135,0
-73.9873,40.75127,0
-73.98685,40.75109,0
-73.98502,40.75355,0
-73.98458,40.75418,0
-73.9841,40.75483,0
-73.98274,40.75678,0
-73.98228,40.75741,0
-73.9818,40.75802,0
-73.98111,40.75895,0
-73.98055,40.75974,0
-73.98042,40.7599,0
-73.97951,40.76115,0
-73.97941,40.76131,0
-73.97814,40.76303,0
-73.98098,40.76422,0
-73.98189,40.76297,0
-73.98236,40.76235,0
-73.98307,40.76135,0
-73.98319,40.7612,0
-73.98326,40.76109,0
-73.98333,40.76102,0
-73.98408,40.76,0
-73.98418,40.75984,0
-73.98441,40.75952,0
-73.98464,40.75923,0
-73.98508,40.75859,0
-73.98568,40.7578,0
-73.986,40.75733,0
-73.98644,40.75672,0
-73.98746,40.75713,0
-73.99228,40.75917,0
-73.99229,40.75918,0
-73.99311,40.75952,0
-73.99312,40.75953,0
-73.99333,40.75961,0
-73.99374,40.75979,0
-73.99395,40.75987,0
-73.99499,40.76031,0
-73.99443,40.76109,0
-73.99431,40.76124,0
-73.99408,40.76157,0
-73.9927,40.76343,0
-73.99265,40.76349,0
-73.99177,40.7647,0
-73.99082,40.76429,0
-73.99041,40.76413,0
-73.98904,40.76355,0
-73.98896,40.76349,0
-73.98776,40.76298,0
-73.9875,40.76288,0
-73.98632,40.76237,0
-73.98611,40.76229,0
-73.98519,40.76354,0
-73.98495,40.76389,0
-73.98287,40.76673,0
-73.98281,40.76683,0
-73.98246,40.76732,0
-73.98234,40.76747,0
-73.98232,40.76749,0
-73.98222,40.76761,0
-73.9821,40.76772,0
-73.98204,40.7677,0
-73.98198,40.7677,0
-73.98195,40.76769,0
-73.98182,40.76769,0
-73.9818,40.7677,0
-73.98174,40.7677,0
-73.98172,40.76771,0
-73.9817,40.76771,0
-73.98139,40.76776,0
-73.98127,40.76776,0
-73.97734,40.7661,0
-73.97708,40.766,0
-73.97666,40.76581,0
-73.97624,40.76564,0
-73.97613,40.76562,0
-73.97612,40.76561,0
-73.97568,40.76543,0
-73.97559,40.76543,0
-73.97331,40.76446,0
-73.973,40.76431,0
-73.97293,40.76425,0
-73.97288,40.76422,0
-73.97141,40.7636,0
-73.97115,40.76395,0
-73.97097,40.76422,0
-73.9709,40.7643,0
-73.96913,40.76672,0
-73.96908,40.76669,0
-73.96887,40.76661,0
-73.96845,40.76643,0
-73.96824,40.76635,0
-73.96763,40.76608,0
-73.96742,40.766,0
-73.9659,40.76536,0
-73.96637,40.76475,0
-73.96681,40.76411,0
-73.9635,40.76272,0
-73.9634,40.76267,0
-73.96156,40.76189,0
-73.9614,40.76183,0
-73.96067,40.76152,0
-73.96061,40.76149,0
-73.96039,40.76178,0
-73.96028,40.76194,0
-73.96014,40.76212,0
-73.95974,40.76267,0
-73.95968,40.76274,0
-73.95924,40.76337,0
-73.95787,40.76525,0
-73.95762,40.76561,0
-73.95741,40.76587,0
-73.95737,40.76595,0
-73.95626,40.76747,0
-73.956,40.76781,0
-73.95693,40.7682,0
-73.95715,40.7683,0
-73.95853,40.76887,0
-73.95859,40.7689,0
-73.95889,40.76903,0
-73.959,40.76907,0
-73.95927,40.76919,0
-73.95943,40.76925,0
-73.96046,40.7697,0
-73.96362,40.77102,0
-73.96373,40.77106,0
-73.96461,40.77144,0
-73.96482,40.77152,0
-73.96544,40.77179,0
-73.96356,40.77438,0
-73.96185,40.77366,0
-73.96179,40.77362,0
-73.96136,40.77345,0
-73.95872,40.77234,0
-73.95827,40.77297,0
-73.95679,40.77497,0
-73.95663,40.7752,0
-73.95658,40.77526,0
-73.95561,40.77659,0
-73.9554,40.77686,0
-73.95452,40.77808,0
-73.95449,40.77814,0
-73.95347,40.77951,0
-73.95259,40.78076,0
-73.95166,40.78203,0
-73.95155,40.78217,0
-73.94887,40.78584,0
-73.94883,40.78588,0
-73.94839,40.78649,0
-73.94834,40.78655,0
-73.94705,40.78832,0
-73.947,40.78838,0
-73.94474,40.79147,0
-73.94465,40.79161,0
-73.94001,40.79796,0
-73.93777,40.79701,0
-73.93804,40.79665,0
-73.93827,40.79631,0
-73.93919,40.79508,0
-73.93946,40.79469,0
-73.94011,40.79381,0
-73.94235,40.79477,0
-73.93952,40.79863,0
-73.93948,40.7987,0
-73.93906,40.79925,0
-73.93861,40.79989,0
-73.93814,40.80051,0
-73.93794,40.80082,0
-73.93783,40.80096,0
-73.93774,40.80109,0
-73.93768,40.80114,0
-73.93916,40.80176,0
-73.93917,40.80176,0
-73.94026,40.80223,0
-73.94029,40.80224,0
-73.94254,40.80318,0
-73.94218,40.80368,0
-73.94207,40.80382,0
-73.94123,40.80498,0
-73.94065,40.80574,0
-73.93699,40.81074,0
-73.93648,40.81146,0
-73.93647,40.81154,0
-73.9362,40.81193,0
-73.93619,40.81196,0
-73.93617,40.81198,0
-73.93616,40.812,0
-73.93609,40.81209,0
-73.93617,40.81212,0
-73.93658,40.8123,0
-73.93669,40.81236,0
-73.94341,40.81519,0
-73.94362,40.81529,0
-73.94656,40.81651,0
-73.94675,40.8166,0
-73.94787,40.81707,0
-73.94792,40.81708,0
-73.94795,40.8171,0
-73.94802,40.81712,0
-73.94785,40.81748,0
-73.94776,40.81771,0
-73.94764,40.81785,0
-73.94752,40.8181,0
-73.94743,40.81827,0
-73.94735,40.81844,0
-73.94731,40.81851,0
-73.94687,40.81944,0
-73.94667,40.81989,0
-73.94623,40.82081,0
-73.94616,40.82098,0
-73.94607,40.82116,0
-73.94603,40.82126,0
-73.94479,40.82391,0
-73.94472,40.82402,0
-73.94482,40.82407,0
-73.94518,40.82422,0
-73.94519,40.82422,0
-73.94602,40.82457,0
-73.94622,40.82467,0
-73.94643,40.82475,0
-73.94726,40.8251,0
-73.94727,40.8251,0
-73.94762,40.82524,0
-73.95168,40.81967,0
-73.95175,40.81959,0
-73.95222,40.81894,0
-73.95234,40.81879,0
-73.95274,40.81824,0
-73.95277,40.81819,0
-73.95277,40.81818,0
-73.95278,40.81817,0
-73.95311,40.81771,0
-73.95319,40.81761,0
-73.95447,40.81584,0
-73.95455,40.81574,0
-73.95458,40.81568,0
-73.95494,40.8152,0
-73.95499,40.81512,0
-73.95621,40.81345,0
-73.95627,40.81338,0
-73.95658,40.81295,0
-73.95683,40.81263,0
-73.95735,40.81191,0
-73.95737,40.81187,0
-73.95747,40.81174,0
-73.95781,40.81126,0
-73.95828,40.81063,0
-73.95787,40.81045,0
-73.95786,40.81045,0
-73.95753,40.81031,0
-73.95748,40.81028,0
-73.95745,40.81027,0
-73.95739,40.81024,0
-73.95736,40.81021,0
-73.95733,40.81019,0
-73.95729,40.81015,0
-73.95727,40.81012,0
-73.95725,40.81011,0
-73.95724,40.81009,0
-73.95717,40.80999,0
-73.95715,40.80995,0
-73.95713,40.80988,0
-73.95713,40.80985,0
-73.95712,40.80981,0
-73.95712,40.80976,0
-73.95715,40.80963,0
-73.95718,40.80956,0
-73.95762,40.80867,0
-73.95795,40.80804,0
-73.9583,40.80757,0
-73.95841,40.80741,0
-73.95855,40.80723,0
-73.95913,40.80642,0
-73.95949,40.80594,0
-73.95962,40.80578,0
-73.95976,40.80558,0
-73.95981,40.8055,0
-73.95984,40.80544,0
-73.96056,40.8033,0
-73.9607,40.80292,0
-73.96106,40.80185,0
-73.96108,40.80177,0
-73.96142,40.80124,0
-73.96146,40.80117,0
-73.96179,40.80074,0
-73.96192,40.80054,0
-73.96238,40.79992,0
-73.96245,40.79981,0
-73.96289,40.79922,0
-73.96292,40.79917,0
-73.96358,40.79827,0
-73.96359,40.79824,0
-73.96365,40.79818,0
-73.96804,40.7922,0
-73.96808,40.79212,0
-73.97168,40.78716,0
-73.97219,40.7865,0
-73.97313,40.78517,0
-73.97374,40.78437,0
-73.97432,40.78356,0
-73.97455,40.78326,0
-73.97521,40.78235,0
-73.97538,40.7821,0
-73.97642,40.78067,0
-73.97692,40.78002,0
-73.97738,40.77938,0
-73.97743,40.77927,0
-73.9782,40.77821,0
-73.97822,40.77819,0
-73.97824,40.77815,0
-73.97829,40.7781,0
-73.9785,40.77786,0
-73.97852,40.77781,0
-73.97932,40.77674,0
-73.97977,40.77611,0
-73.97985,40.77601,0
-73.98013,40.77562,0
-73.98021,40.77552,0
-73.98047,40.77515,0
-73.98057,40.77502,0
-73.98068,40.77486,0
-73.98076,40.77476,0
-73.98186,40.77326,0
-73.98191,40.77317,0
-73.98205,40.77299,0
-73.98231,40.77263,0
-73.98254,40.77228,0
-73.98274,40.77203,0
-73.98315,40.77148,0
-73.98327,40.77133,0
-73.98342,40.77112,0
-73.98367,40.77074,0
-73.98378,40.77059,0
-73.98385,40.77048,0
-73.98402,40.77026,0
-73.98403,40.77025,0
-73.98426,40.76994,0
-73.98431,40.76988,0
-73.98455,40.76953,0
-73.98472,40.7693,0
-73.98477,40.76921,0
-73.9856,40.76809,0
-73.98571,40.76793,0
-73.98606,40.76807,0
-73.98626,40.76816,0
-73.98752,40.76868,0
-73.98793,40.76886,0
-73.98814,40.76894,0
-73.99139,40.77031,0
-73.99145,40.77025,0
-73.99282,40.76839,0
-73.99283,40.76835,0
-73.99306,40.76805,0
-73.9935,40.76744,0
-73.99371,40.76713,0
-73.99509,40.76526,0
-73.9953,40.76499,0
-73.99555,40.76463,0
-73.99602,40.76401,0
-73.99646,40.76338,0
-73.99693,40.76276,0
-73.99707,40.76256,0
-73.99716,40.76245,0
-73.9849,40.77923,0
-73.98491,40.77923,0
-73.98605,40.77767,0
-73.98615,40.77752,0
-73.9863,40.77733,0
-73.98652,40.77702,0
-73.98657,40.77696,0
-73.9868,40.77663,0
-73.98684,40.77658,0
-73.98724,40.77602,0
-73.98772,40.77538,0
-73.98795,40.77505,0
-73.98843,40.77441,0
-73.98863,40.77412,0
-73.98865,40.77408,0
-73.98948,40.77294,0
-73.98953,40.77286,0
-73.98893,40.77261,0
-73.9887,40.77292,0
-73.98869,40.77292,0
-73.98867,40.77294,0
-73.98863,40.77294,0
-73.98862,40.77295,0
-73.9886,40.77295,0
-73.98858,40.77294,0
-73.98849,40.77292,0
-73.98848,40.77291,0
-73.98782,40.77264,0
-73.98744,40.77247,0
-73.98728,40.77241,0
-73.98724,40.77238,0
-73.98723,40.77238,0
-73.98721,40.77236,0
-73.98721,40.77235,0
-73.9872,40.77234,0
-73.9872,40.77233,0
-73.98721,40.77231,0
-73.98722,40.7723,0
-73.98726,40.77222,0
-73.9873,40.77216,0
-73.98744,40.77198,0
-73.98735,40.77195,0
-73.9869,40.77176,0
-73.98687,40.77175,0
-73.98669,40.77167,0
-73.9862,40.77229,0
-73.98578,40.77292,0
-73.98533,40.77354,0
-73.98518,40.77373,0
-73.98507,40.77389,0
-73.98486,40.77416,0
-73.98397,40.77543,0
-73.98232,40.77766,0
-73.98219,40.7778,0
-73.98211,40.77792,0
-73.98192,40.77818,0
-73.98191,40.77821,0
-73.98155,40.77874,0
-73.98131,40.77907,0
-73.98123,40.77919,0
-73.98115,40.77929,0
-73.9807,40.77994,0
-73.98062,40.78002,0
-73.97951,40.78154,0
-73.97928,40.78184,0
-73.976,40.78636,0
-73.97501,40.78769,0
-73.97477,40.78803,0
-73.97455,40.78837,0
-73.97379,40.78941,0
-73.97362,40.78963,0
-73.97317,40.79025,0
-73.97312,40.79035,0
-73.97133,40.79277,0
-73.97086,40.79338,0
-73.96849,40.79662,0
-73.96831,40.79662,0
-73.9671,40.79612,0
-73.96562,40.79548,0
-73.96443,40.79487,0
-73.9643,40.79481,0
-73.96413,40.79502,0
-73.9639,40.79534,0
-73.9638,40.79546,0
-73.96198,40.79799,0
-73.96154,40.79858,0
-73.96151,40.79861,0
-73.96145,40.79869,0
-73.96284,40.79929,0
-73.96407,40.79978,0
-73.96422,40.79985,0
-73.96551,40.8004,0
-73.96559,40.80044,0
-73.96569,40.80048,0
-73.96582,40.80054,0
-73.96761,40.80129,0
-73.96771,40.80132,0
-73.96778,40.80137,0
-73.96778,40.80142,0
-73.96776,40.80155,0
-73.96772,40.80205,0
-73.96769,40.80224,0
-73.96769,40.8023,0
-73.96767,40.80242,0
-73.96762,40.80262,0
-73.9675,40.80291,0
-73.96745,40.80301,0
-73.96715,40.80342,0
-73.96712,40.80347,0
-73.96711,40.80348,0
-73.96708,40.80354,0
-73.96613,40.80479,0
-73.96595,40.80505,0
-73.96476,40.80667,0
-73.96291,40.8059,0
-73.96278,40.80584,0
-73.96201,40.80552,0
-73.96248,40.80489,0
-73.96252,40.80483,0
-73.96253,40.80481,0
-73.96339,40.80364,0
-73.96348,40.8035,0
-73.96371,40.80319,0
-73.96382,40.80301,0
-73.96387,40.80294,0
-73.96347,40.80277,0
-73.96301,40.80259,0
-73.96291,40.80254,0
-73.96108,40.80177,0
-73.96084,40.80164,0
-73.95985,40.80119,0
-73.95968,40.80113,0
-73.95926,40.8017,0
-73.95921,40.80178,0
-73.95914,40.80185,0
-73.95868,40.80248,0
-73.95827,40.8023,0
-73.95806,40.80222,0
-73.95724,40.80187,0
-73.95396,40.80635,0
-73.95394,40.80639,0
-73.95293,40.80778,0
-73.95301,40.80925,0
-73.95481,40.81002,0
-73.95503,40.8101,0
-73.95676,40.81083,0
-73.9568,40.81084,0
-73.95742,40.8111,0
-73.95763,40.81118,0
-73.95781,40.81126,0
-73.95875,40.80998,0
-73.95993,40.8105,0
-73.96001,40.81054,0
-73.96006,40.81057,0
-73.96015,40.8106,0
-73.96147,40.81117,0
-73.9614,40.81126,0
-73.96136,40.81132,0
-73.96135,40.81132,0
-73.96121,40.81148,0
-73.96099,40.81178,0
-73.95828,40.81063,0
-73.95781,40.81126,0
-73.95747,40.81174,0
-73.95737,40.81187,0
-73.95735,40.81191,0
-73.95683,40.81263,0
-73.95658,40.81295,0
-73.95627,40.81338,0
-73.95567,40.81267,0
-73.95564,40.81264,0
-73.95528,40.81221,0
-73.95526,40.81218,0
-73.95515,40.81205,0
-73.955,40.81189,0
-73.95495,40.81185,0
-73.95487,40.81176,0
-73.95476,40.8117,0
-73.95473,40.81168,0
-73.95351,40.81115,0
-73.95309,40.81098,0
-73.95261,40.81077,0
-73.95246,40.81074,0
-73.95115,40.81019,0
-73.95105,40.81013,0
-73.94825,40.80894,0
-73.94819,40.80903,0
-73.94814,40.80909,0
-73.94804,40.80924,0
-73.94729,40.81024,0
-73.94723,40.81033,0
-73.94719,40.81036,0
-73.94671,40.811,0
-73.94663,40.81112,0
-73.94636,40.81149,0
-73.94632,40.81157,0
-73.94599,40.81202,0
-73.94594,40.81212,0
-73.94585,40.81222,0
-73.9457,40.81241,0
-73.94548,40.81272,0
-73.94566,40.81279,0
-73.94631,40.81307,0
-73.94705,40.81337,0
-73.94843,40.81396,0
-73.94836,40.81403,0
-73.94796,40.81459,0
-73.94782,40.81477,0
-73.94775,40.81488,0
-73.94774,40.81489,0
-73.94748,40.81522,0
-73.94764,40.81528,0
-73.94838,40.81559,0
-73.94843,40.81562,0
-73.94848,40.81563,0
-73.94867,40.81571,0
-73.94835,40.81639,0
-73.94813,40.81689,0
-73.94805,40.81705,0
-73.94804,40.81706,0
-73.94802,40.81712,0
-73.94785,40.81748,0
-73.94776,40.81771,0
-73.94764,40.81785,0
-73.94752,40.8181,0
-73.94743,40.81827,0
-73.94735,40.81844,0
-73.94731,40.81851,0
-73.94687,40.81944,0
-73.94667,40.81989,0
-73.94623,40.82081,0
-73.94616,40.82098,0
-73.94607,40.82116,0
-73.94603,40.82126,0
-73.94489,40.82371,0
-73.94479,40.82391,0
-73.94472,40.82402,0
-73.94336,40.82588,0
-73.94331,40.82598,0
-73.94328,40.82601,0
-73.94326,40.82604,0
-73.94323,40.82613,0
-73.94268,40.82745,0
-73.94261,40.82765,0
-73.94253,40.82781,0
-73.94218,40.82872,0
-73.94189,40.82942,0
-73.94227,40.82958,0
-73.94233,40.82961,0
-73.94289,40.82985,0
-73.94313,40.82994,0
-73.94383,40.83024,0
-73.94394,40.83027,0
-73.9467,40.83144,0
-73.94661,40.83155,0
-73.94661,40.83156,0
-73.94575,40.83274,0
-73.94558,40.83267,0
-73.94554,40.83265,0
-73.9454,40.8326,0
-73.94532,40.83256,0
-73.94184,40.83109,0
-73.9418,40.83108,0
-73.94142,40.83091,0
-73.9411,40.83078,0
-73.94107,40.83076,0
-73.94058,40.83055,0
-73.94057,40.83055,0
-73.94048,40.83052,0
-73.94008,40.83035,0
-73.93996,40.83031,0
-73.93934,40.83004,0
-73.93933,40.83004,0
-73.93927,40.83001,0
-73.93913,40.82996,0
-73.93879,40.82981,0
-73.93869,40.82976,0
-73.93853,40.8297,0
-73.93821,40.82956,0
-73.938,40.82948,0
-73.93534,40.82835,0
-73.93526,40.82831,0
-73.9352,40.82829,0
-73.93513,40.82826,0
-73.93507,40.82824,0
-73.93499,40.8282,0
-73.93499,40.82812,0
-73.93498,40.82808,0
-73.93499,40.82805,0
-73.935,40.828,0
-73.93501,40.82799,0
-73.93503,40.82799,0
-73.93505,40.82798,0
-73.93517,40.82786,0
-73.93526,40.82773,0
-73.9353,40.82765,0
-73.93532,40.8276,0
-73.93533,40.82753,0
-73.93535,40.82746,0
-73.93535,40.82736,0
-73.93534,40.82733,0
-73.93533,40.82731,0
-73.93531,40.82719,0
-73.93531,40.82713,0
-73.93532,40.82712,0
-73.93532,40.82709,0
-73.93534,40.82703,0
-73.93536,40.82699,0
-73.93537,40.82696,0
-73.93544,40.82686,0
-73.93548,40.82681,0
-73.93552,40.82674,0
-73.93592,40.82618,0
-73.93602,40.82598,0
-73.93606,40.82591,0
-73.93612,40.82582,0
-73.93635,40.82552,0
-73.93639,40.82548,0
-73.93644,40.82541,0
-73.9365,40.82534,0
-73.93682,40.82491,0
-73.93685,40.82486,0
-73.93713,40.82446,0
-73.93731,40.82423,0
-73.93735,40.82417,0
-73.93742,40.82408,0
-73.93747,40.824,0
-73.93792,40.82339,0
-73.93787,40.82346,0
-73.93821,40.82299,0
-73.93826,40.82293,0
-73.93831,40.82285,0
-73.93865,40.82241,0
-73.93868,40.82236,0
-73.93873,40.8223,0
-73.9391,40.82178,0
-73.93918,40.82168,0
-73.93928,40.82151,0
-73.9394,40.82136,0
-73.94001,40.82052,0
-73.9401,40.82038,0
-73.94053,40.81982,0
-73.94057,40.81976,0
-73.94061,40.81971,0
-73.94075,40.8195,0
-73.94144,40.81857,0
-73.94147,40.81852,0
-73.94154,40.81843,0
-73.9416,40.81834,0
-73.94194,40.81789,0
-73.94198,40.81783,0
-73.94251,40.81712,0
-73.94285,40.81664,0
-73.94288,40.81659,0
-73.94296,40.81649,0
-73.94378,40.81536,0
-73.94341,40.81519,0
-73.94093,40.81415,0
-73.94137,40.81353,0
-73.94142,40.81347,0
-73.94146,40.8134,0
-73.94183,40.81291,0
-73.94231,40.81223,0
-73.94324,40.81097,0
-73.9431,40.81092,0
-73.94007,40.80964,0
-73.93995,40.80958,0
-73.9404,40.80896,0
-73.94087,40.80834,0
-73.94091,40.80827,0
-73.94132,40.80771,0
-73.94461,40.8091,0
-73.945,40.80857,0
-73.94503,40.80854,0
-73.94507,40.80847,0
-73.9453,40.80815,0
-73.94556,40.80782,0
-73.94696,40.80588,0
-73.94702,40.80581,0
-73.94703,40.80579,0
-73.94743,40.80526,0
-73.94788,40.80461,0
-73.94775,40.80456,0
-73.94474,40.80328,0
-73.94463,40.80324,0
-73.94448,40.80317,0
-73.94321,40.80263,0
-73.943,40.80255,0
-73.9415,40.80192,0
-73.94342,40.79931,0
-73.94353,40.79915,0
-73.94396,40.79858,0
-73.94569,40.79618,0
-73.94798,40.79714,0
-73.94799,40.79714,0
-73.9484,40.79732,0
-73.94882,40.79749,0
-73.94941,40.79663,0
-73.94953,40.79648,0
-73.9511,40.79432,0
-73.95115,40.79424,0
-73.94983,40.79371,0
-73.94955,40.79357,0
-73.9493,40.79349,0
-73.94898,40.79336,0
-73.94888,40.79331,0
-73.94807,40.79296,0
-73.94852,40.79232,0
-73.94991,40.79043,0
-73.95022,40.79057,0
-73.95215,40.79138,0
-73.95216,40.79138,0
-73.95236,40.79147,0
-73.95299,40.79173,0
-73.95391,40.79042,0
-73.95512,40.78878,0
-73.9552,40.78868,0
-73.95528,40.78859,0
-73.95566,40.78807,0
-73.95569,40.78802,0
-73.95578,40.78791,0
-73.9555,40.78779,0
-73.95539,40.78775,0
-73.95437,40.78732,0
-73.95433,40.7873,0
-73.95265,40.7866,0
-73.95243,40.7865,0
-73.95213,40.78691,0
-73.95207,40.78698,0
-73.95197,40.78711,0
-73.95193,40.78717,0
-73.95207,40.78723,0
-73.95219,40.78729,0
-73.95301,40.78764,0
-73.95366,40.7879,0
-73.95368,40.7879,0
-73.95388,40.788,0
-73.95528,40.78859,0
-73.95566,40.78807,0
-73.95569,40.78802,0
-73.95578,40.78791,0
-73.95672,40.78659,0
-73.95715,40.78601,0
-73.95718,40.78596,0
-73.9576,40.78539,0
-73.95764,40.78535,0
-73.95947,40.78284,0
-73.95786,40.78216,0
-73.95782,40.78223,0
-73.95604,40.78468,0
-73.9556,40.78527,0
-73.95557,40.7853,0
-73.95522,40.78577,0
-73.95511,40.78593,0
-73.95464,40.78573,0
-73.95443,40.78565,0
-73.95381,40.78538,0
-73.9536,40.7853,0
-73.95453,40.78404,0
-73.95456,40.78399,0
-73.95635,40.78153,0
-73.95639,40.78146,0
-73.95679,40.78091,0
-73.95685,40.78084,0
-73.95723,40.78031,0
-73.9573,40.78023,0
-73.9578,40.77954,0
-73.95797,40.77962,0
-73.95842,40.7798,0
-73.95862,40.77989,0
-73.95925,40.78015,0
-73.95931,40.78017,0
-73.95952,40.78027,0
-73.96092,40.78086,0
-73.96138,40.78021,0
-73.9623,40.77896,0
-73.96194,40.7788,0
-73.96173,40.77872,0
-73.96086,40.77834,0
-73.9607,40.77828,0
-73.95747,40.77691,0
-73.95887,40.77499,0
-73.95997,40.77545,0
-73.96058,40.77572,0
-73.96072,40.77577,0
-73.96105,40.77592,0
-73.96144,40.77608,0
-73.96146,40.77608,0
-73.96157,40.77613,0
-73.96163,40.77615,0
-73.96169,40.77618,0
-73.96275,40.77664,0
-73.96313,40.77678,0
-73.96371,40.77702,0
-73.96375,40.77696,0
-73.96383,40.77686,0
-73.96704,40.77246,0
-73.96728,40.77215,0
-73.96755,40.77178,0
-73.96776,40.77147,0
-73.96799,40.77116,0
-73.96735,40.77087,0
-73.96726,40.77084,0
-73.96157,40.76844,0
-73.96133,40.76875,0
-73.96122,40.76891,0
-73.9611,40.76906,0
-73.96423,40.77039,0
-73.96443,40.77046,0
-73.96575,40.76866,0
-73.96579,40.76858,0
-73.96669,40.76734,0
-73.96738,40.76763,0
-73.96759,40.76771,0
-73.968,40.76789,0
-73.96821,40.76797,0
-73.96883,40.76824,0
-73.96904,40.76832,0
-73.96982,40.76866,0
-73.9721,40.76552,0
-73.97256,40.76492,0
-73.97259,40.76489,0
-73.973,40.76431,0
-73.97293,40.76425,0
-73.97288,40.76422,0
-73.97152,40.76365,0
-73.97121,40.76351,0
-73.97018,40.76308,0
-73.97017,40.76307,0
-73.97008,40.76304,0
-73.97005,40.76302,0
-73.96818,40.76222,0
-73.96797,40.76214,0
-73.96747,40.76192,0
-73.96658,40.76158,0
-73.96538,40.76103,0
-73.96446,40.76065,0
-73.9644,40.76062,0
-73.96434,40.76061,0
-73.96422,40.76057,0
-73.96412,40.76052,0
-73.9637,40.76035,0
-74.01282,40.71687,0
-74.0128,40.71695,0
-74.01277,40.71712,0
-74.01256,40.71703,0
-74.01216,40.71686,0
-74.01187,40.71672,0
-74.01162,40.7166,0
-74.01137,40.71649,0
-74.01094,40.71629,0
-74.01058,40.71613,0
-74.01038,40.71604,0
-74.01017,40.71594,0
-74.00956,40.71567,0
-74.00936,40.71557,0
-74.00922,40.71551,0
-74.00901,40.71542,0
-74.00881,40.71532,0
-74.0082,40.71505,0
-74.00797,40.71494,0
-74.00775,40.7152,0
-74.00756,40.71544,0
-74.00765,40.71548,0
-74.00786,40.71558,0
-74.00847,40.71586,0
-74.00883,40.71603,0
-74.00901,40.71578,0
-74.00922,40.71551,0
-74.00933,40.71539,0
-74.00953,40.71514,0
-74.00968,40.71495,0
-74.00974,40.71489,0
-74.01014,40.71439,0
-74.01056,40.71385,0
-74.01064,40.71377,0
-74.01094,40.71338,0
-74.011,40.71334,0
-74.01112,40.71339,0
-74.01122,40.71344,0
-74.01146,40.71355,0
-74.01169,40.71366,0
-74.01233,40.71394,0
-74.01247,40.71399,0
-74.0125,40.714,0
-74.01274,40.71411,0
-74.01284,40.71415,0
-74.01289,40.71417,0
-74.01341,40.71441,0
-74.01338,40.71453,0
-74.01338,40.71454,0
-74.01334,40.71469,0
-74.01329,40.71488,0
-74.01324,40.71508,0
-74.01321,40.71522,0
-74.01354,40.71528,0
-74.01363,40.71491,0
-74.01373,40.71449,0
-74.01374,40.71442,0
-74.01377,40.71432,0
-74.01384,40.71408,0
-74.01394,40.71379,0
-74.0141,40.71326,0
-74.01416,40.71308,0
-74.01423,40.71284,0
-74.01425,40.71276,0
-74.01428,40.71267,0
-74.01431,40.71258,0
-74.01433,40.71248,0
-74.01448,40.7119,0
-74.01453,40.71169,0
-74.01462,40.7113,0
-74.01469,40.71114,0
-74.01482,40.71119,0
-74.01493,40.71122,0
-74.0152,40.71134,0
-74.01534,40.71139,0
-74.01573,40.71155,0
-74.01581,40.71159,0
-74.0159,40.71145,0
-74.01591,40.71143,0
-74.01604,40.71109,0
-74.01618,40.71075,0
-74.01625,40.71058,0
-74.01626,40.71055,0
-74.01644,40.7101,0
-74.01634,40.71008,0
-74.01581,40.70996,0
-74.01543,40.70987,0
-74.01528,40.70985,0
-74.01521,40.70984,0
-74.01505,40.70983,0
-74.01473,40.70981,0
-74.01468,40.70997,0
-74.01464,40.71013,0
-74.01456,40.71044,0
-74.01449,40.7107,0
-74.01443,40.71087,0
-74.01439,40.71106,0
-74.01427,40.71154,0
-74.01421,40.71186,0
-74.01416,40.71213,0
-74.01407,40.71251,0
-74.01397,40.71289,0
-74.01394,40.71299,0
-74.0139,40.71314,0
-74.01385,40.71328,0
-74.0137,40.71369,0
-74.01365,40.71382,0
-74.01341,40.71441,0
-74.01338,40.71453,0
-74.01338,40.71454,0
-74.01334,40.71469,0
-74.01329,40.71488,0
-74.01324,40.71508,0
-74.01321,40.71522,0
-74.01316,40.71521,0
-74.01313,40.7152,0
-74.01281,40.71515,0
-74.01253,40.7151,0
-74.01207,40.71503,0
-74.01161,40.71496,0
-74.01158,40.71496,0
-74.0115,40.71494,0
-74.01142,40.71493,0
-74.01137,40.71492,0
-74.01154,40.7143,0
-74.01102,40.71406,0
-74.01077,40.71394,0
-74.01056,40.71385,0
-74.01036,40.71376,0
-74.0102,40.71369,0
-74.01016,40.71367,0
-74.00995,40.71358,0
-74.00955,40.7134,0
-74.00935,40.71331,0
-74.00926,40.71328,0
-74.0091,40.7132,0
-74.00848,40.71292,0
-74.00828,40.71283,0
-74.00808,40.71274,0
-74.00767,40.71256,0
-74.00773,40.71245,0
-74.00812,40.712,0
-74.00851,40.71155,0
-74.00864,40.7114,0
-74.00907,40.71091,0
-74.00911,40.71085,0
-74.00947,40.71042,0
-74.00953,40.71034,0
-74.00987,40.70995,0
-74.00998,40.70981,0
-74.01099,40.71027,0
-74.01121,40.71037,0
-74.01117,40.71041,0
-74.01076,40.71101,0
-74.01066,40.71118,0
-74.01044,40.71152,0
-74.01041,40.71155,0
-74.0101,40.71208,0
-74.00864,40.7114,0
-74.00849,40.71127,0
-74.00841,40.71121,0
-74.00776,40.71081,0
-74.00748,40.71065,0
-74.00737,40.71059,0
-74.00687,40.71033,0
-74.00609,40.70992,0
-74.00592,40.70982,0
-74.00563,40.70967,0
-74.00513,40.70942,0
-74.00538,40.70918,0
-74.00542,40.70915,0
-74.00546,40.70912,0
-74.00551,40.70909,0
-74.00575,40.70921,0
-74.00643,40.70958,0
-74.00703,40.70987,0
-74.00774,40.71023,0
-74.00813,40.71043,0
-74.00892,40.71083,0
-74.00907,40.71091,0
-74.00916,40.71094,0
-74.01044,40.71152,0
-74.01041,40.71155,0
-74.0101,40.71208,0
-74.01011,40.7121,0
-74.01011,40.71211,0
-74.0101,40.71212,0
-74.01006,40.71219,0
-74.0099,40.7124,0
-74.00986,40.71245,0
-74.00973,40.71261,0
-74.00968,40.71273,0
-74.00965,40.71279,0
-74.00926,40.71328,0
-74.00914,40.71343,0
-74.00884,40.71381,0
-74.00848,40.71427,0
-74.0084,40.71437,0
-74.008,40.71489,0
-74.00797,40.71494,0
-74.00775,40.7152,0
-74.00756,40.71544,0
-74.00752,40.71548,0
-74.00715,40.71596,0
-74.00711,40.716,0
-74.00707,40.71604,0
-74.00668,40.71653,0
-74.00624,40.71708,0
-74.00618,40.71717,0
-74.00583,40.7176,0
-74.00577,40.71768,0
-74.00568,40.71778,0
-74.00562,40.71787,0
-74.00554,40.71796,0
-74.00544,40.71802,0
-74.00537,40.7181,0
-74.00532,40.71816,0
-74.00531,40.71817,0
-74.00525,40.71824,0
-74.00516,40.7182,0
-74.00455,40.71792,0
-74.00414,40.71774,0
-74.00354,40.71746,0
-74.00292,40.71715,0
-74.00279,40.71708,0
-74.00228,40.71684,0
-74.00228,40.71683,0
-74.00208,40.71674,0
-74.00228,40.71648,0
-74.00256,40.71616,0
-74.00281,40.71588,0
-74.00296,40.71571,0
-74.003,40.71565,0
-74.00304,40.71558,0
-74.00306,40.7154,0
-74.00308,40.71522,0
-74.00311,40.71506,0
-74.00313,40.71494,0
-74.00314,40.71488,0
-74.00314,40.71485,0
-74.00315,40.71479,0
-74.00316,40.71475,0
-74.00318,40.71472,0
-74.00327,40.71448,0
-74.00334,40.71428,0
-74.0034,40.71412,0
-74.00345,40.71401,0
-74.00346,40.71398,0
-74.00353,40.71382,0
-74.00355,40.71378,0
-74.00364,40.71367,0
-74.00438,40.71401,0
-74.00589,40.71469,0
-74.00631,40.71418,0
-74.00581,40.71395,0
-74.00521,40.71367,0
-74.00486,40.71352,0
-74.00483,40.71349,0
-74.00448,40.71332,0
-74.00412,40.71316,0
-74.00429,40.71299,0
-74.00444,40.71283,0
-74.00453,40.71273,0
-74.00466,40.7126,0
-74.0047,40.71257,0
-74.00473,40.71254,0
-74.00476,40.71252,0
-74.00483,40.71248,0
-74.00484,40.71246,0
-74.00491,40.71242,0
-74.00504,40.71236,0
-74.00511,40.71232,0
-74.00523,40.71228,0
-74.00524,40.71227,0
-74.00531,40.71225,0
-74.00537,40.71223,0
-74.00546,40.7122,0
-74.0055,40.71219,0
-74.0057,40.71213,0
-74.00583,40.71209,0
-74.00597,40.71205,0
-74.00609,40.71202,0
-74.00607,40.71191,0
-74.00593,40.71177,0
-74.00584,40.71168,0
-74.0058,40.71164,0
-74.0057,40.71154,0
-74.00553,40.71138,0
-74.00549,40.71134,0
-74.00547,40.71132,0
-74.00539,40.71124,0
-74.00509,40.71098,0
-74.00451,40.71042,0
-74.00436,40.71028,0
-74.00426,40.71018,0
-74.0041,40.71029,0
-74.00398,40.71041,0
-74.00397,40.7104,0
-74.00396,40.7104,0
-74.00395,40.7104,0
-74.00394,40.7104,0
-74.00393,40.7104,0
-74.00392,40.7104,0
-74.00391,40.71041,0
-74.00389,40.71042,0
-74.00388,40.71043,0
-74.00383,40.71045,0
-74.00342,40.7108,0
-74.0031,40.71063,0
-74.00305,40.71058,0
-74.00278,40.71037,0
-74.00277,40.71036,0
-74.00272,40.71032,0
-74.00239,40.71006,0
-74.00216,40.70989,0
-74.00199,40.70976,0
-74.00166,40.7095,0
-74.00158,40.70956,0
-74.00154,40.70962,0
-74.00153,40.70964,0
-74.00152,40.70964,0
-74.0015,40.70967,0
-74.00149,40.70968,0
-74.00149,40.70969,0
-74.00148,40.7097,0
-74.00147,40.70972,0
-74.00146,40.70972,0
-74.00145,40.70974,0
-74.00143,40.70976,0
-74.00142,40.70977,0
-74.00141,40.70978,0
-74.00141,40.70979,0
-74.00136,40.70985,0
-74.00133,40.70989,0
-74.0013,40.70994,0
-74.00129,40.70995,0
-74.00129,40.70996,0
-74.00128,40.70996,0
-74.00125,40.71001,0
-74.00122,40.71006,0
-74.00111,40.7102,0
-74.00087,40.71054,0
-74.00081,40.71062,0
-74.00075,40.7107,0
-74.00068,40.71081,0
-74.00067,40.71081,0
-74.0006,40.71089,0
-74.00047,40.71103,0
-74.00063,40.71113,0
-74.00072,40.71123,0
-74.00076,40.7113,0
-74.00083,40.71144,0
-74.00087,40.71163,0
-74.00081,40.71171,0
-74.00081,40.71217,0
-74.00082,40.71241,0
-74.00082,40.71268,0
-74.00082,40.713,0
-74.00083,40.71308,0
-74.00084,40.71312,0
-74.00085,40.71315,0
-74.00085,40.71318,0
-74.00086,40.71321,0
-74.00088,40.71323,0
-74.00089,40.71324,0
-74.0009,40.71325,0
-74.00092,40.71326,0
-74.00095,40.7133,0
-74.00105,40.71337,0
-74.00135,40.71355,0
-74.00137,40.7135,0
-74.00138,40.71348,0
-74.0014,40.71347,0
-74.00147,40.71344,0
-74.00181,40.71334,0
-74.00183,40.71334,0
-74.0023,40.71322,0
-74.00247,40.71317,0
-74.00272,40.7131,0
-74.00293,40.71305,0
-74.00272,40.7131,0
-74.00247,40.71317,0
-74.0023,40.71322,0
-74.00183,40.71334,0
-74.00181,40.71334,0
-74.00147,40.71344,0
-74.0014,40.71347,0
-74.00138,40.71348,0
-74.00137,40.7135,0
-74.00135,40.71355,0
-74.00105,40.71337,0
-74.00095,40.7133,0
-74.00095,40.71322,0
-74.00092,40.71313,0
-74.00093,40.71306,0
-74.00093,40.71298,0
-74.00093,40.71257,0
-74.00093,40.71202,0
-74.00092,40.71171,0
-74.00087,40.71163,0
-74.00083,40.71144,0
-74.00076,40.7113,0
-74.00072,40.71123,0
-74.00063,40.71113,0
-74.00047,40.71103,0
-74.00014,40.71133,0
-73.9997,40.71177,0
-73.99954,40.71194,0
-73.99937,40.71212,0
-73.99894,40.71253,0
-73.99882,40.71266,0
-73.99879,40.71269,0
-73.99859,40.71288,0
-73.99843,40.71304,0
-73.99829,40.71318,0
-73.99827,40.7132,0
-73.99826,40.71323,0
-73.99826,40.71325,0
-73.99827,40.71327,0
-73.99828,40.71328,0
-73.99848,40.71343,0
-73.99864,40.71349,0
-73.99922,40.71376,0
-73.99955,40.71393,0
-73.99959,40.71446,0
-73.99962,40.71478,0
-73.99963,40.71481,0
-73.99964,40.7149,0
-73.99965,40.71503,0
-73.99965,40.71509,0
-73.99965,40.71514,0
-73.99965,40.71516,0
-73.99963,40.7152,0
-73.99962,40.71523,0
-73.99961,40.71526,0
-73.99948,40.71556,0
-73.99948,40.71558,0
-73.99947,40.7156,0
-73.99933,40.71592,0
-73.9985,40.71563,0
-73.99773,40.71536,0
-73.99688,40.71506,0
-73.9969,40.71503,0
-73.99691,40.715,0
-73.99711,40.71473,0
-73.99714,40.71469,0
-73.99715,40.71468,0
-73.99717,40.71464,0
-73.99758,40.71406,0
-73.99765,40.714,0
-73.99773,40.71395,0
-73.99779,40.7139,0
-73.99807,40.71377,0
-73.99799,40.71366,0
-73.99773,40.71346,0
-73.99771,40.71345,0
-73.99769,40.71345,0
-73.99767,40.71344,0
-73.99766,40.71344,0
-73.99763,40.71344,0
-73.9976,40.71344,0
-73.99748,40.71345,0
-73.9973,40.71346,0
-73.9972,40.71311,0
-73.99711,40.7128,0
-73.99694,40.71213,0
-73.99694,40.71208,0
-73.99694,40.71195,0
-73.99679,40.71136,0
-73.99669,40.71093,0
-73.99654,40.71032,0
-73.99651,40.7102,0
-73.99639,40.70978,0
-73.99705,40.70967,0
-73.99709,40.70967,0
-73.99748,40.70961,0
-73.99781,40.70956,0
-73.99785,40.70956,0
-73.99788,40.70957,0
-73.99792,40.70958,0
-73.99794,40.70959,0
-73.99796,40.70959,0
-73.99799,40.70961,0
-73.99801,40.70963,0
-73.99803,40.70966,0
-73.99804,40.70968,0
-73.99808,40.7098,0
-73.99812,40.70992,0
-73.99815,40.71005,0
-73.99829,40.71057,0
-73.99841,40.71099,0
-73.99841,40.71102,0
-73.9984,40.71105,0
-73.99839,40.71106,0
-73.99837,40.71109,0
-73.99835,40.7111,0
-73.99833,40.71112,0
-73.9983,40.71112,0
-73.99826,40.71114,0
-73.99819,40.71115,0
-73.99812,40.71116,0
-73.99795,40.71119,0
-73.9979,40.71119,0
-73.99759,40.71124,0
-73.99702,40.71133,0
-73.99679,40.71136,0
-73.99639,40.71141,0
-73.99618,40.71143,0
-73.99425,40.7116,0
-73.99436,40.71232,0
-73.9958,40.71219,0
-73.99586,40.71218,0
-73.99694,40.71208,0
-73.99709,40.71206,0
-73.99737,40.71202,0
-73.9974,40.71201,0
-73.99778,40.71197,0
-73.99789,40.71237,0
-73.998,40.71272,0
-73.99711,40.7128,0
-73.99694,40.71213,0
-73.99694,40.71208,0
-73.99586,40.71218,0
-73.9958,40.71219,0
-73.99436,40.71232,0
-73.99378,40.71237,0
-73.99372,40.71237,0
-73.99348,40.71239,0
-73.99324,40.71241,0
-73.99301,40.71243,0
-73.99277,40.71245,0
-73.99258,40.71247,0
-73.99242,40.71247,0
-73.99229,40.71247,0
-73.99195,40.71249,0
-73.99151,40.71253,0
-73.99047,40.71262,0
-73.99011,40.71265,0
-73.99002,40.71266,0
-73.98987,40.71267,0
-73.98904,40.71273,0
-73.98887,40.71275,0
-73.98868,40.71276,0
-73.98848,40.71278,0
-73.98843,40.71278,0
-73.98771,40.71284,0
-73.98695,40.71291,0
-73.98621,40.71298,0
-73.986,40.71299,0
-73.98553,40.71304,0
-73.98511,40.71307,0
-73.9851,40.71302,0
-73.9851,40.71295,0
-73.98507,40.71277,0
-73.98506,40.7127,0
-73.98501,40.71237,0
-73.98499,40.71227,0
-73.98491,40.71171,0
-73.98506,40.7117,0
-73.98567,40.71164,0
-73.986,40.71161,0
-73.98656,40.71155,0
-73.98675,40.71153,0
-73.98751,40.71146,0
-73.98832,40.71138,0
-73.98837,40.71173,0
-73.98832,40.71138,0
-73.98871,40.71135,0
-73.98881,40.71134,0
-73.98896,40.71132,0
-73.9892,40.7113,0
-73.98958,40.71126,0
-73.98965,40.71125,0
-73.98981,40.71123,0
-73.98996,40.71121,0
-73.99011,40.71118,0
-73.99029,40.71115,0
-73.99054,40.71111,0
-73.99064,40.7111,0
-73.99091,40.71106,0
-73.99117,40.71103,0
-73.99142,40.711,0
-73.99199,40.71092,0
-73.99199,40.71095,0
-73.99204,40.71107,0
-73.99207,40.71115,0
-73.99208,40.71122,0
-73.9921,40.7113,0
-73.99217,40.71172,0
-73.99222,40.71203,0
-73.99223,40.7121,0
-73.99229,40.71247,0
-73.9923,40.7126,0
-73.99235,40.71295,0
-73.99239,40.7132,0
-73.99243,40.71346,0
-73.99248,40.71387,0
-73.99251,40.71403,0
-73.99256,40.71439,0
-73.9927,40.71438,0
-73.99284,40.71437,0
-73.99304,40.71436,0
-73.99345,40.71433,0
-73.99398,40.7143,0
-73.99413,40.71428,0
-73.99457,40.71425,0
-73.99484,40.71423,0
-73.99501,40.71422,0
-73.99524,40.7142,0
-73.99537,40.7142,0
-73.99561,40.71418,0
-73.99614,40.71414,0
-73.99619,40.71414,0
-73.99691,40.71408,0
-73.99705,40.71408,0
-73.99715,40.71408,0
-73.99719,40.71407,0
-73.99722,40.71408,0
-73.99724,40.71408,0
-73.99742,40.71409,0
-73.99722,40.71435,0
-73.99697,40.7147,0
-73.99686,40.71487,0
-73.99681,40.71494,0
-73.99678,40.71499,0
-73.99675,40.71501,0
-73.99674,40.71504,0
-73.99671,40.71508,0
-73.9966,40.71526,0
-73.9966,40.71527,0
-73.99653,40.71536,0
-73.99649,40.71543,0
-73.99647,40.71545,0
-73.99644,40.71555,0
-73.99643,40.71557,0
-73.99641,40.71559,0
-73.99638,40.71564,0
-73.99626,40.71583,0
-73.99616,40.71602,0
-73.99609,40.7161,0
-73.99599,40.71626,0
-73.99601,40.71634,0
-73.99599,40.71638,0
-73.99599,40.71639,0
-73.9959,40.71652,0
-73.99583,40.71665,0
-73.99564,40.71698,0
-73.99554,40.71714,0
-73.99545,40.71729,0
-73.99538,40.7174,0
-73.9953,40.71754,0
-73.99518,40.71777,0
-73.99513,40.71784,0
-73.99508,40.71795,0
-73.99493,40.71824,0
-73.99482,40.71848,0
-73.99452,40.71838,0
-73.99449,40.71836,0
-73.99425,40.71829,0
-73.99385,40.71817,0
-73.99407,40.71773,0
-73.99439,40.7171,0
-73.99445,40.71698,0
-73.99459,40.71674,0
-73.99478,40.71641,0
-73.99483,40.71634,0
-73.99485,40.7163,0
-73.99487,40.71626,0
-73.99491,40.71617,0
-73.99497,40.71606,0
-73.99498,40.71602,0
-73.99501,40.71595,0
-73.99504,40.71588,0
-73.99489,40.71584,0
-73.99471,40.71577,0
-73.99464,40.71574,0
-73.99462,40.71573,0
-73.99441,40.71565,0
-73.99426,40.71561,0
-73.9941,40.71557,0
-73.99351,40.7154,0
-73.9934,40.71536,0
-73.99263,40.71512,0
-73.9925,40.71509,0
-73.99239,40.71505,0
-73.99215,40.7155,0
-73.99201,40.71578,0
-73.99185,40.71609,0
-73.9918,40.71617,0
-73.99131,40.71603,0
-73.99056,40.7158,0
-73.98975,40.71556,0
-73.98942,40.71622,0
-73.9893,40.71645,0
-73.98916,40.71672,0
-73.98897,40.71666,0
-73.98887,40.71662,0
-73.9886,40.71654,0
-73.98856,40.71652,0
-73.9885,40.71648,0
-73.98839,40.71643,0
-73.98767,40.71622,0
-73.98754,40.71618,0
-73.98674,40.71593,0
-73.9868,40.71585,0
-73.98682,40.71581,0
-73.98695,40.71554,0
-73.98698,40.71548,0
-73.987,40.71543,0
-73.98703,40.71536,0
-73.98704,40.71531,0
-73.98709,40.71519,0
-73.98711,40.71511,0
-73.98714,40.71492,0
-73.98715,40.71481,0
-73.98715,40.71461,0
-73.98715,40.71452,0
-73.98714,40.71443,0
-73.98713,40.7144,0
-73.98715,40.71432,0
-73.98637,40.71438,0
-73.98628,40.71439,0
-73.98548,40.71446,0
-73.98541,40.71447,0
-73.98535,40.71447,0
-73.98531,40.71426,0
-73.98524,40.71379,0
-73.98522,40.71373,0
-73.98521,40.71365,0
-73.98517,40.71352,0
-73.98517,40.71345,0
-73.98515,40.71337,0
-73.98511,40.71307,0
-73.98502,40.71308,0
-73.98434,40.71316,0
-73.98433,40.71316,0
-73.98388,40.71322,0
-73.98373,40.71324,0
-73.98358,40.71325,0
-73.98343,40.71327,0
-73.98331,40.71328,0
-73.98328,40.71329,0
-73.98276,40.71335,0
-73.98262,40.71337,0
-73.98225,40.71341,0
-73.98212,40.71343,0
-73.98174,40.71347,0
-73.98087,40.71356,0
-73.98075,40.71358,0
-73.9804,40.71362,0
-73.97992,40.71366,0
-73.9797,40.71369,0
-73.97963,40.71368,0
-73.97958,40.71368,0
-73.97938,40.71371,0
-73.97937,40.71372,0
-73.97936,40.71372,0
-73.97934,40.71373,0
-73.97932,40.71375,0
-73.97921,40.71371,0
-73.97876,40.71358,0
-73.97791,40.71332,0
-73.9776,40.71322,0
-73.97762,40.71317,0
-73.97777,40.71289,0
-73.97781,40.71279,0
-73.99604,40.73704,0
-73.99518,40.73667,0
-73.99497,40.73658,0
-73.99364,40.73602,0
-73.993,40.73575,0
-73.99294,40.73572,0
-73.99179,40.73524,0
-73.99171,40.73521,0
-73.99162,40.73518,0
-73.99149,40.73513,0
-73.99123,40.73501,0
-73.99083,40.73485,0
-73.99073,40.7348,0
-73.99055,40.73472,0
-73.9901,40.73453,0
-73.98991,40.73445,0
-73.98886,40.734,0
-73.98884,40.734,0
-73.98877,40.73396,0
-73.98865,40.73392,0
-73.98865,40.73391,0
-73.98827,40.73375,0
-73.9878,40.73355,0
-73.98753,40.73343,0
-73.98718,40.73329,0
-73.98494,40.73235,0
-73.98257,40.73135,0
-73.98171,40.73099,0
-73.98077,40.73059,0
-73.98036,40.73043,0
-73.97996,40.73026,0
-73.97848,40.72963,0
-73.97834,40.72957,0
-73.97802,40.72943,0
-73.97754,40.72923,0
-73.97719,40.72907,0
-73.97701,40.729,0
-73.97636,40.72873,0
-73.97618,40.72867,0
-73.97594,40.72856,0
-73.97589,40.72855,0
-73.97569,40.72845,0
-73.97577,40.72834,0
-73.97599,40.72803,0
-73.97612,40.72786,0
-73.97618,40.72777,0
-73.97625,40.72766,0
-73.9764,40.72745,0
-73.97645,40.72738,0
-73.97664,40.72711,0
-73.9771,40.72647,0
-73.97772,40.72673,0
-73.97814,40.72691,0
-73.97946,40.72746,0
-73.97943,40.72751,0
-73.97942,40.72755,0
-73.97938,40.7276,0
-73.97901,40.72811,0
-73.97896,40.72817,0
-73.97893,40.7282,0
-73.97853,40.72875,0
-73.98085,40.72973,0
-73.98213,40.73026,0
-73.98274,40.73052,0
-73.98306,40.73065,0
-73.98326,40.73075,0
-73.98339,40.7308,0
-73.98416,40.73112,0
-73.98468,40.73134,0
-73.98543,40.73166,0
-73.98768,40.73261,0
-73.9881,40.73279,0
-73.98831,40.73287,0
-73.98851,40.73296,0
-73.98872,40.73305,0
-73.98893,40.73314,0
-73.98913,40.73322,0
-73.98938,40.73333,0
-73.98976,40.73349,0
-73.98987,40.73354,0
-73.99007,40.7336,0
-73.99024,40.73368,0
-73.99052,40.73381,0
-73.99073,40.7339,0
-73.99095,40.73399,0
-73.99115,40.73407,0
-73.99123,40.7341,0
-73.99143,40.73419,0
-73.99175,40.73432,0
-73.99227,40.73453,0
-73.99413,40.73532,0
-73.99419,40.73536,0
-73.99507,40.73572,0
-73.99568,40.73598,0
-73.99609,40.73615,0
-73.99651,40.73633,0
-73.99733,40.73668,0
-73.99754,40.73677,0
-73.99782,40.73688,0
-73.99786,40.73689,0
-73.99796,40.73694,0
-73.99838,40.73711,0
-73.999,40.73737,0
-74.00006,40.73781,0
-74.0002,40.73787,0
-74.00023,40.73785,0
-74.00067,40.73724,0
-73.99984,40.73689,0
-73.99901,40.73654,0
-73.99798,40.73611,0
-73.99783,40.73604,0
-73.99772,40.736,0
-73.99459,40.73467,0
-73.99342,40.73418,0
-73.99279,40.73392,0
-73.99238,40.73375,0
-73.99196,40.73358,0
-73.99175,40.73349,0
-73.99134,40.73332,0
-73.99111,40.73322,0
-73.99064,40.73303,0
-73.99044,40.73294,0
-73.99003,40.73277,0
-73.98961,40.73259,0
-73.98919,40.73241,0
-73.98878,40.73224,0
-73.98816,40.73198,0
-73.98795,40.73189,0
-73.98752,40.73171,0
-73.98592,40.73103,0
-73.9854,40.7308,0
-73.98437,40.73037,0
-73.98367,40.73007,0
-73.98361,40.73005,0
-73.98352,40.73001,0
-73.98299,40.72979,0
-73.98288,40.72974,0
-73.98281,40.72971,0
-73.98249,40.72958,0
-73.98133,40.7291,0
-73.98125,40.72907,0
-73.98068,40.72883,0
-73.9791,40.72816,0
-73.97901,40.72811,0
-73.97938,40.7276,0
-73.97942,40.72755,0
-73.97943,40.72751,0
-73.97946,40.72746,0
-73.98179,40.72844,0
-73.98191,40.72849,0
-73.98307,40.72899,0
-73.984,40.72938,0
-73.98509,40.72984,0
-73.98637,40.73038,0
-73.98718,40.73072,0
-73.98771,40.73094,0
-73.98802,40.73107,0
-73.98822,40.73116,0
-73.98862,40.73132,0
-73.98906,40.73072,0
-73.98947,40.73013,0
-73.98968,40.72986,0
-73.98991,40.72957,0
-73.99037,40.72894,0
-73.99057,40.72867,0
-73.99073,40.72843,0
-73.99085,40.72837,0
-73.99104,40.72812,0
-73.99117,40.72792,0
-73.9912,40.72789,0
-73.99125,40.72783,0
-73.9913,40.72777,0
-73.99119,40.72773,0
-73.99115,40.72778,0
-73.99102,40.72797,0
-73.99074,40.72833,0
-73.99024,40.72813,0
-73.98853,40.72741,0
-73.98666,40.72662,0
-73.98634,40.72649,0
-73.98626,40.72645,0
-73.98621,40.72642,0
-73.98616,40.7264,0
-73.98608,40.72652,0
-73.98598,40.72665,0
-73.98575,40.72696,0
-73.98566,40.72709,0
-73.98548,40.72734,0
-73.98537,40.7275,0
-73.98529,40.7276,0
-73.98521,40.72771,0
-73.98507,40.7279,0
-73.98487,40.72817,0
-73.98478,40.7283,0
-73.98451,40.72868,0
-73.98443,40.72878,0
-73.98224,40.72785,0
-73.98266,40.72726,0
-73.98309,40.72667,0
-73.98354,40.72606,0
-73.9837,40.72584,0
-73.98377,40.72574,0
-73.98385,40.72563,0
-73.98397,40.72548,0
-73.98452,40.72571,0
-73.98397,40.72548,0
-73.98204,40.72466,0
-73.982,40.72465,0
-73.9817,40.72452,0
-73.98163,40.7245,0
-73.98159,40.72448,0
-73.98095,40.72421,0
-73.98054,40.72403,0
-73.98033,40.72394,0
-73.98012,40.72386,0
-73.97929,40.72351,0
-73.97887,40.72409,0
-73.97783,40.72365,0
-73.97741,40.72348,0
-73.97721,40.72339,0
-73.97648,40.72309,0
-73.97721,40.72339,0
-73.97741,40.72348,0
-73.97783,40.72365,0
-73.97887,40.72409,0
-73.97929,40.72351,0
-73.97973,40.7229,0
-73.98018,40.72229,0
-73.98061,40.72168,0
-73.98109,40.72104,0
-73.98123,40.72085,0
-73.98126,40.72081,0
-73.98128,40.72078,0
-73.98175,40.72092,0
-73.98214,40.72104,0
-73.98282,40.72124,0
-73.98298,40.72129,0
-73.98366,40.7215,0
-73.9838,40.72154,0
-73.98394,40.72158,0
-73.98424,40.72167,0
-73.9845,40.72175,0
-73.98458,40.72178,0
-73.98463,40.72179,0
-73.98476,40.72183,0
-73.98532,40.722,0
-73.9855,40.72205,0
-73.9856,40.72208,0
-73.9858,40.72214,0
-73.9861,40.72223,0
-73.98627,40.72229,0
-73.98639,40.72232,0
-73.98634,40.72239,0
-73.98633,40.7224,0
-73.98633,40.72242,0
-73.98632,40.72242,0
-73.98633,40.72243,0
-73.98633,40.72244,0
-73.98634,40.72245,0
-73.98636,40.72246,0
-73.98638,40.72248,0
-73.98648,40.72252,0
-73.98692,40.7227,0
-73.98709,40.72272,0
-73.98712,40.72274,0
-73.98716,40.72276,0
-73.98774,40.72301,0
-73.98791,40.72308,0
-73.98801,40.72312,0
-73.9881,40.72316,0
-73.98824,40.72322,0
-73.98842,40.72329,0
-73.98858,40.72335,0
-73.98922,40.72362,0
-73.99062,40.72421,0
-73.99083,40.7243,0
-73.99161,40.72463,0
-73.99209,40.72483,0
-73.99213,40.72485,0
-73.99218,40.72486,0
-73.99222,40.72487,0
-73.99227,40.72488,0
-73.99221,40.72506,0
-73.99215,40.72523,0
-73.99203,40.72556,0
-73.99201,40.72562,0
-73.99198,40.7257,0
-73.99184,40.72608,0
-73.99173,40.72637,0
-73.99186,40.72642,0
-73.99198,40.72646,0
-73.9929,40.72692,0
-73.99317,40.72706,0
-73.99363,40.72728,0
-73.99421,40.72758,0
-73.99467,40.72781,0
-73.99471,40.72782,0
-73.99477,40.72783,0
-73.99483,40.72784,0
-73.99484,40.72784,0
-73.99555,40.72819,0
-73.99556,40.72819,0
-73.99561,40.72819,0
-73.99568,40.72823,0
-73.99594,40.72836,0
-73.99607,40.72842,0
-73.9961,40.72843,0
-73.99636,40.72856,0
-73.99643,40.7286,0
-73.99704,40.7289,0
-73.99712,40.72893,0
-73.99721,40.72898,0
-73.99783,40.72928,0
-73.9979,40.72933,0
-73.99794,40.72937,0
-73.99795,40.72937,0
-73.99796,40.72938,0
-73.99856,40.72967,0
-73.99861,40.7297,0
-73.99881,40.72979,0
-73.99901,40.72989,0
-73.99921,40.72999,0
-73.99937,40.73007,0
-73.99998,40.73037,0
-74.00014,40.73044,0
-74.00061,40.73068,0
-74.001,40.73087,0
-74.00134,40.73104,0
-74.00143,40.73107,0
-74.00138,40.73115,0
-74.00134,40.73121,0
-74.00129,40.73126,0
-74.00103,40.73161,0
-74.00096,40.73171,0
-74.0008,40.73163,0
-73.99966,40.73108,0
-73.99961,40.73105,0
-74.0001,40.73048,0
-74.00014,40.73044,0
-74.00016,40.7304,0
-74.00051,40.73,0
-74.00076,40.72969,0
-74.00089,40.72954,0
-74.00119,40.72919,0
-74.0016,40.7287,0
-74.00211,40.7281,0
-74.0022,40.72799,0
-74.00213,40.72795,0
-74.00181,40.7278,0
-74.00152,40.72766,0
-74.00144,40.72762,0
-74.00137,40.72758,0
-74.00115,40.72747,0
-74.00076,40.72727,0
-74.0007,40.72725,0
-74.0006,40.7272,0
-74.00033,40.72707,0
-74.00006,40.72693,0
-73.99997,40.72689,0
-73.99988,40.727,0
-73.99941,40.72755,0
-73.99926,40.72773,0
-73.99904,40.72799,0
-73.99886,40.72787,0
-73.99885,40.72787,0
-73.99885,40.72786,0
-73.99884,40.72785,0
-73.99885,40.72784,0
-73.99885,40.72782,0
-73.99887,40.7278,0
-73.99894,40.72771,0
-73.99908,40.72755,0
-73.9991,40.72753,0
-73.99917,40.72744,0
-73.9991,40.72753,0
-73.99908,40.72755,0
-73.99894,40.72771,0
-73.99887,40.7278,0
-73.99885,40.72782,0
-73.99885,40.72784,0
-73.99884,40.72785,0
-73.99885,40.72786,0
-73.99885,40.72787,0
-73.99886,40.72787,0
-73.99904,40.72799,0
-73.99897,40.72808,0
-73.99893,40.72812,0
-73.99844,40.7287,0
-73.99833,40.72883,0
-73.99815,40.72903,0
-73.99795,40.72927,0
-73.9979,40.72933,0
-73.99784,40.72939,0
-73.99737,40.72995,0
-73.99681,40.72968,0
-73.99658,40.72956,0
-73.99656,40.72959,0
-73.99648,40.72969,0
-73.99608,40.73017,0
-73.99563,40.73069,0
-73.99563,40.7307,0
-73.99558,40.73072,0
-73.99552,40.73075,0
-73.99551,40.73076,0
-73.99537,40.73092,0
-73.99513,40.73122,0
-73.99484,40.73155,0
-73.99479,40.73161,0
-73.99431,40.73217,0
-73.99199,40.73119,0
-73.99193,40.73117,0
-73.99199,40.73119,0
-73.99431,40.73217,0
-73.99391,40.73262,0
-73.99381,40.73274,0
-73.99333,40.73331,0
-73.99279,40.73392,0
-73.99249,40.73428,0
-73.99227,40.73453,0
-73.99222,40.73458,0
-73.99219,40.73461,0
-73.99208,40.73475,0
-73.99171,40.73521,0
-73.99168,40.73525,0
-73.99166,40.73529,0
-73.99141,40.73565,0
-73.99123,40.7359,0
-73.99077,40.73654,0
-73.9906,40.73678,0
-73.99049,40.73692,0
-73.99048,40.73694,0
-73.99036,40.73712,0
-73.99033,40.73715,0
-73.99031,40.73719,0
-73.99029,40.73722,0
-73.99028,40.73726,0
-73.99025,40.7374,0
-73.99018,40.73771,0
-73.99015,40.73781,0
-73.99012,40.73788,0
-73.99008,40.73798,0
-73.99007,40.73803,0
-73.99006,40.73809,0
-73.99004,40.73814,0
-73.99,40.73826,0
-73.98996,40.73839,0
-73.98993,40.73849,0
-73.98991,40.7386,0
-73.98985,40.73881,0
-73.98984,40.73886,0
-73.98976,40.73918,0
-73.99082,40.73962,0
-73.99095,40.73968,0
-73.99138,40.7391,0
-73.99141,40.73904,0
-73.99165,40.73872,0
-73.99181,40.73849,0
-73.99222,40.73792,0
-73.99266,40.73734,0
-73.99271,40.73729,0
-73.99289,40.73703,0
-73.99315,40.73669,0
-73.99347,40.73624,0
-73.99352,40.73618,0
-73.99364,40.73602,0
-73.99388,40.73568,0
-73.99413,40.73532,0
-73.99415,40.73529,0
-73.99442,40.73491,0
-73.99459,40.73467,0
-73.99506,40.73404,0
-73.99509,40.73401,0
-73.99548,40.73348,0
-73.99552,40.73344,0
-73.99591,40.7329,0
-73.99594,40.73285,0
-73.99812,40.73376,0
-73.99895,40.73411,0
-73.99904,40.73415,0
-73.99908,40.73416,0
-73.99911,40.73416,0
-73.99918,40.73415,0
-73.99932,40.73414,0
-73.99939,40.73412,0
-73.99942,40.73411,0
-73.99957,40.73409,0
-73.99966,40.73408,0
-73.9997,40.73415,0
-73.99975,40.73426,0
-73.99976,40.73429,0
-73.99997,40.73465,0
-73.99999,40.73469,0
-74.00003,40.73474,0
-74.00014,40.73494,0
-74.00034,40.73527,0
-74.00036,40.73531,0
-74.00041,40.73536,0
-74.00074,40.73592,0
-74.00099,40.73635,0
-74.001,40.73636,0
-74.00102,40.73639,0
-74.00102,40.7364,0
-74.00102,40.73641,0
-74.00102,40.73642,0
-74.00111,40.73659,0
-74.0012,40.73655,0
-74.00125,40.73653,0
-74.0013,40.73651,0
-74.00134,40.73651,0
-74.00144,40.73649,0
-74.00149,40.73649,0
-74.00196,40.73641,0
-74.00205,40.7364,0
-74.00242,40.73635,0
-74.00266,40.73632,0
-74.00289,40.73629,0
-74.00336,40.73623,0
-74.00355,40.7362,0
-74.00514,40.73598,0
-74.00555,40.73592,0
-74.00581,40.73588,0
-74.00589,40.73587,0
-74.00597,40.73585,0
-74.00612,40.73582,0
-74.00681,40.73572,0
-74.00693,40.73571,0
-74.00838,40.73552,0
-74.00844,40.73479,0
-74.00831,40.73482,0
-74.00709,40.735,0
-74.00698,40.73503,0
-74.00679,40.73503,0
-74.00626,40.73511,0
-74.00619,40.73512,0
-74.00609,40.73513,0
-74.006,40.73515,0
-74.00588,40.73516,0
-74.00578,40.73518,0
-74.00565,40.7352,0
-74.0055,40.73522,0
-74.00494,40.73531,0
-74.00473,40.73534,0
-74.0045,40.73537,0
-74.00427,40.73541,0
-74.00347,40.73552,0
-74.00338,40.73554,0
-74.00337,40.73554,0
-74.00336,40.73555,0
-74.00289,40.73562,0
-74.00265,40.73565,0
-74.00217,40.73572,0
-74.00192,40.73576,0
-74.00184,40.73577,0
-74.00177,40.73577,0
-74.0017,40.73556,0
-74.00197,40.73507,0
-74.00201,40.73506,0
-74.00204,40.73505,0
-74.0022,40.73504,0
-74.00244,40.735,0
-74.00267,40.73497,0
-74.0029,40.73493,0
-74.00316,40.7349,0
-74.00324,40.73489,0
-74.0034,40.73487,0
-74.00376,40.73481,0
-74.00385,40.7348,0
-74.00386,40.7348,0
-74.00394,40.73478,0
-74.00408,40.73476,0
-74.00431,40.73473,0
-74.00476,40.73467,0
-74.00467,40.73438,0
-74.00457,40.73403,0
-74.00447,40.73376,0
-74.0044,40.73365,0
-74.00428,40.73345,0
-74.00425,40.73341,0
-74.00415,40.73324,0
-74.00406,40.73307,0
-74.00398,40.73292,0
-74.00379,40.73259,0
-74.00371,40.73246,0
-74.0037,40.73243,0
-74.00365,40.73232,0
-74.00387,40.73225,0
-74.00452,40.73204,0
-74.00474,40.73197,0
-74.00496,40.7319,0
-74.0051,40.73186,0
-74.00564,40.73168,0
-74.00569,40.73166,0
-74.00574,40.73165,0
-74.00576,40.73164,0
-74.0058,40.73164,0
-74.00584,40.73163,0
-74.00588,40.73163,0
-74.00592,40.73164,0
-74.00601,40.73164,0
-74.0062,40.73164,0
-74.00661,40.73168,0
-74.00658,40.73187,0
-74.00648,40.73243,0
-74.00647,40.73259,0
-74.00642,40.73306,0
-74.00637,40.73341,0
-74.00631,40.7337,0
-74.0063,40.73376,0
-74.00629,40.73379,0
-74.00623,40.73419,0
-74.00625,40.73421,0
-74.00626,40.73423,0
-74.00627,40.73427,0
-74.00628,40.73433,0
-74.00628,40.73442,0
-74.00632,40.73442,0
-74.00634,40.73442,0
-74.00639,40.73442,0
-74.007,40.73433,0
-74.00717,40.7343,0
-74.00729,40.73429,0
-74.00834,40.73413,0
-74.00849,40.7341,0
-74.00853,40.73354,0
-74.00854,40.73347,0
-74.00856,40.73341,0
-74.00863,40.73266,0
-74.00866,40.73253,0
-74.0088,40.73188,0
-74.00892,40.73123,0